Workbook

Sheet PRODUCT_MASTER
A1: 사용여부 | B1: 품목코드 | C1: 품목명(규격) | D1: 구분 | E1: 공급단가(ERP) | F1: 제조원가(입력) | G1: 팩/단위 | H1: 비고
A2: Y | B2: 00000001 | C2: 배송비 | D2: 배송비 | E2: 23000 | F2: 23000
A3: Y | B3: 00000002 | C3: 배송비(주말) | D3: 배송비 | E3: 28000 | F3: 28000
A4: Y | B4: A0001 | C4: 유월의보리 볶음소스 | D4: 본사제조 | E4: 41700 | F4: 20181 | G4: 5KG[PAK]
A5: Y | B5: A0002 | C5: 유월의보리 겉절이 소스 | D5: 본사제조 | E5: 36000 | F5: 19973 | G5: 5KG[PAK]
A6: Y | B6: A0003 | C6: 유월의보리 청국장 소스 | D6: 본사제조 | E6: 26800 | F6: 18445 | G6: 5KG[PAK]
A7: Y | B7: A0004 | C7: 유월의보리 간장게장 소스 | D7: 본사제조 | E7: 18000 | F7: 6703 | G7: 5KG[PAK]
A8: Y | B8: A0005 | C8: 유월의보리 비빔고추장 소스 | D8: 본사제조 | E8: 29000 | F8: 15545 | G8: 5KG[PAK]
A9: Y | B9: A0006 | C9: 유월의보리 비빔칼국수 소스 | D9: 본사제조 | E9: 29000 | F9: 13240 | G9: 5KG[PAK]
A10: Y | B10: A0007 | C10: 유월의보리 사골칼국수소스 | D10: 본사제조 | E10: 85756 | F10: 34600 | G10: 5KG[PAK]
A11: Y | B11: A0008 | C11: 유월의보리 바지락칼국수 소스 | D11: 본사제조 | E11: 20835 | F11: 7810 | G11: 5KG[PAK]
A12: Y | B12: A0009 | C12: 유월의보리 잡채 소스 | D12: 본사제조 | E12: 56200 | F12: 26083 | G12: 5KG[PAK]
A13: Y | B13: A0010 | C13: 유월의보리 양념간장 소스 | D13: 본사제조 | E13: 36300 | F13: 15032 | G13: 5KG[PAK]
A14: Y | B14: A0012 | C14: 유월의보리 유자연근장아찌 | D14: 본사제조 | E14: 43200 | F14: 17850 | G14: 5KG[PAK]
A15: Y | B15: A0013 | C15: 유월의보리 비빔 무생채 | D15: 본사제조 | E15: 31900 | F15: 7300 | G15: 5KG[PAK]
... A45: Y | B45: A0046 | C45: 유월의보리 닭정육 | D45: 본사제조 | E45: 25200 | F45: 12600 | G45: 2KG[PAK]

Sheet README
A1: 유월의보리 물류 원가 MASTER 사용법
A2: 1 | B2: PRODUCT_MASTER 시트의 제조원가(입력) F열만 채우면 됩니다.
A3: 2 | B3: 이카운트/ERP 판매현황 엑셀은 품목코드 포함 양식으로 다운로드합니다.
A4: 3 | B4: REPORT_TEMPLATE 시트에는 ERP 데이터를 A:I에 붙여넣으면 J:M이 자동 계산됩니다.
A5: 4 | B5: Railway 자동화에서는 PRODUCT_MASTER의 품목코드→제조원가를 읽어 SKU별 공급가-원가를 계산합니다.
A6: 주의 | B6: 품목코드는 절대 중간에 바꾸지 마세요. 신규 품목은 PRODUCT_MASTER에 먼저 추가하세요.
A7: 생성일 | B7: 2026-05-27

Sheet REPORT_TEMPLATE
A1: 일자-No. | B1: 품목코드 | C1: 품목명(규격) | D1: 수량 | E1: 단가 | F1: 공급가액 | G1: 부가세 | H1: 합계 | I1: 거래처명 | J1: 제조원가(단위) | K1: 총제조원가 | L1: 물류이익 | M1: 마진율 | O1: 월말 리포트 집계식 예시
J2: =IFERROR(_xludf.XLOOKUP(B2,PRODUCT_MASTER!C2,PRODUCT_MASTER!C6),"") | K2: =IFERROR(D2*J2,"") | L2: =IFERROR(F2-K2,"") | M2: =IFERROR(L2/F2,"") | O2: 항목 | P2: 수식/설명
J3: =IFERROR(_xludf.XLOOKUP(B3,PRODUCT_MASTER!C2,PRODUCT_MASTER!C6),"") | K3: =IFERROR(D3*J3,"") | L3: =IFERROR(F3-K3,"") | M3: =IFERROR(L3/F3,"") | O3: 매장별 본사공급액 | P3: =SUMIFS(공급가액, 거래처명, 매장명)
J4: =IFERROR(_xludf.XLOOKUP(B4,PRODUCT_MASTER!C2,PRODUCT_MASTER!C6),"") | K4: =IFERROR(D4*J4,"") | L4: =IFERROR(F4-K4,"") | M4: =IFERROR(L4/F4,"") | O4: SKU별 공급액 | P4: =SUMIFS(공급가액, 품목코드, 코드)
J5: =IFERROR(_xludf.XLOOKUP(B5,PRODUCT_MASTER!C2,PRODUCT_MASTER!C6),"") | K5: =IFERROR(D5*J5,"") | L5: =IFERROR(F5-K5,"") | M5: =IFERROR(L5/F5,"") | O5: SKU별 제조원가 | P5: =SUMIFS(총제조원가, 품목코드, 코드)
J6: =IFERROR(_xludf.XLOOKUP(B6,PRODUCT_MASTER!C2,PRODUCT_MASTER!C6),"") | K6: =IFERROR(D6*J6,"") | L6: =IFERROR(F6-K6,"") | M6: =IFERROR(L6/F6,"") | O6: SKU별 이익 | P6: =공급액-제조원가
J7: =IFERROR(_xludf.XLOOKUP(B7,PRODUCT_MASTER!C2,PRODUCT_MASTER!C6),"") | K7: =IFERROR(D7*J7,"") | L7: =IFERROR(F7-K7,"") | M7: =IFERROR(L7/F7,"") | O7: SKU별 마진율 | P7: =이익/공급액
J8: =IFERROR(_xludf.XLOOKUP(B8,PRODUCT_MASTER!C2,PRODUCT_MASTER!C6),"") | K8: =IFERROR(D8*J8,"") | L8: =IFERROR(F8-K8,"") | M8: =IFERROR(L8/F8,"") | O8: 총매출 대비 공급비율 | P8: =본사공급액/POS월매출
J9: =IFERROR(_xludf.XLOOKUP(B9,PRODUCT_MASTER!C2,PRODUCT_MASTER!C6),"") | K9: =IFERROR(D9*J9,"") | L9: =IFERROR(F9-K9,"") | M9: =IFERROR(L9/F9,"")
J10: =IFERROR(_xludf.XLOOKUP(B10,PRODUCT_MASTER!C2,PRODUCT_MASTER!C6),"") | K10: =IFERROR(D10*J10,"") | L10: =IFERROR(F10-K10,"") | M10: =IFERROR(L10/F10,"")
J11: =IFERROR(_xludf.XLOOKUP(B11,PRODUCT_MASTER!C2,PRODUCT_MASTER!C6),"") | K11: =IFERROR(D11*J11,"") | L11: =IFERROR(F11-K11,"") | M11: =IFERROR(L11/F11,"")
J12: =IFERROR(_xludf.XLOOKUP(B12,PRODUCT_MASTER!C2,PRODUCT_MASTER!C6),"") | K12: =IFERROR(D12*J12,"") | L12: =IFERROR(F12-K12,"") | M12: =IFERROR(L12/F12,"")
J13: =IFERROR(_xludf.XLOOKUP(B13,PRODUCT_MASTER!C2,PRODUCT_MASTER!C6),"") | K13: =IFERROR(D13*J13,"") | L13: =IFERROR(F13-K13,"") | M13: =IFERROR(L13/F13,"")
J14: =IFERROR(_xludf.XLOOKUP(B14,PRODUCT_MASTER!C2,PRODUCT_MASTER!C6),"") | K14: =IFERROR(D14*J14,"") | L14: =IFERROR(F14-K14,"") | M14: =IFERROR(L14/F14,"")
J15: =IFERROR(_xludf.XLOOKUP(B15,PRODUCT_MASTER!C2,PRODUCT_MASTER!C6),"") | K15: =IFERROR(D15*J15,"") | L15: =IFERROR(F15-K15,"") | M15: =IFERROR(L15/F15,"")
J16: =IFERROR(_xludf.XLOOKUP(B16,PRODUCT_MASTER!C2,PRODUCT_MASTER!C6),"") | K16: =IFERROR(D16*J16,"") | L16: =IFERROR(F16-K16,"") | M16: =IFERROR(L16/F16,"")
J17: =IFERROR(_xludf.XLOOKUP(B17,PRODUCT_MASTER!C2,PRODUCT_MASTER!C6),"") | K17: =IFERROR(D17*J17,"") | L17: =IFERROR(F17-K17,"") | M17: =IFERROR(L17/F17,"")
J18: =IFERROR(_xludf.XLOOKUP(B18,PRODUCT_MASTER!C2,PRODUCT_MASTER!C6),"") | K18: =IFERROR(D18*J18,"") | L18: =IFERROR(F18-K18,"") | M18: =IFERROR(L18/F18,"")
J19: =IFERROR(_xludf.XLOOKUP(B19,PRODUCT_MASTER!C2,PRODUCT_MASTER!C6),"") | K19: =IFERROR(D19*J19,"") | L19: =IFERROR(F19-K19,"") | M19: =IFERROR(L19/F19,"")
J20: =IFERROR(_xludf.XLOOKUP(B20,PRODUCT_MASTER!C2,PRODUCT_MASTER!C6),"") | K20: =IFERROR(D20*J20,"") | L20: =IFERROR(F20-K20,"") | M20: =IFERROR(L20/F20,"")
J21: =IFERROR(_xludf.XLOOKUP(B21,PRODUCT_MASTER!C2,PRODUCT_MASTER!C6),"") | K21: =IFERROR(D21*J21,"") | L21: =IFERROR(F21-K21,"") | M21: =IFERROR(L21/F21,"")
J22: =IFERROR(_xludf.XLOOKUP(B22,PRODUCT_MASTER!C2,PRODUCT_MASTER!C6),"") | K22: =IFERROR(D22*J22,"") | L22: =IFERROR(F22-K22,"") | M22: =IFERROR(L22/F22,"")
J23: =IFERROR(_xludf.XLOOKUP(B23,PRODUCT_MASTER!C2,PRODUCT_MASTER!C6),"") | K23: =IFERROR(D23*J23,"") | L23: =IFERROR(F23-K23,"") | M23: =IFERROR(L23/F23,"")
J24: =IFERROR(_xludf.XLOOKUP(B24,PRODUCT_MASTER!C2,PRODUCT_MASTER!C6),"") | K24: =IFERROR(D24*J24,"") | L24: =IFERROR(F24-K24,"") | M24: =IFERROR(L24/F24,"")
J25: =IFERROR(_xludf.XLOOKUP(B25,PRODUCT_MASTER!C2,PRODUCT_MASTER!C6),"") | K25: =IFERROR(D25*J25,"") | L25: =IFERROR(F25-K25,"") | M25: =IFERROR(L25/F25,"")
J26: =IFERROR(_xludf.XLOOKUP(B26,PRODUCT_MASTER!C2,PRODUCT_MASTER!C6),"") | K26: =IFERROR(D26*J26,"") | L26: =IFERROR(F26-K26,"") | M26: =IFERROR(L26/F26,"")
J27: =IFERROR(_xludf.XLOOKUP(B27,PRODUCT_MASTER!C2,PRODUCT_MASTER!C6),"") | K27: =IFERROR(D27*J27,"") | L27: =IFERROR(F27-K27,"") | M27: =IFERROR(L27/F27,"")
J28: =IFERROR(_xludf.XLOOKUP(B28,PRODUCT_MASTER!C2,PRODUCT_MASTER!C6),"") | K28: =IFERROR(D28*J28,"") | L28: =IFERROR(F28-K28,"") | M28: =IFERROR(L28/F28,"")
J29: =IFERROR(_xludf.XLOOKUP(B29,PRODUCT_MASTER!C2,PRODUCT_MASTER!C6),"") | K29: =IFERROR(D29*J29,"") | L29: =IFERROR(F29-K29,"") | M29: =IFERROR(L29/F29,"")
J30: =IFERROR(_xludf.XLOOKUP(B30,PRODUCT_MASTER!C2,PRODUCT_MASTER!C6),"") | K30: =IFERROR(D30*J30,"") | L30: =IFERROR(F30-K30,"") | M30: =IFERROR(L30/F30,"")
J31: =IFERROR(_xludf.XLOOKUP(B31,PRODUCT_MASTER!C2,PRODUCT_MASTER!C6),"") | K31: =IFERROR(D31*J31,"") | L31: =IFERROR(F31-K31,"") | M31: =IFERROR(L31/F31,"")
J32: =IFERROR(_xludf.XLOOKUP(B32,PRODUCT_MASTER!C2,PRODUCT_MASTER!C6),"") | K32: =IFERROR(D32*J32,"") | L32: =IFERROR(F32-K32,"") | M32: =IFERROR(L32/F32,"")
J33: =IFERROR(_xludf.XLOOKUP(B33,PRODUCT_MASTER!C2,PRODUCT_MASTER!C6),"") | K33: =IFERROR(D33*J33,"") | L33: =IFERROR(F33-K33,"") | M33: =IFERROR(L33/F33,"")
J34: =IFERROR(_xludf.XLOOKUP(B34,PRODUCT_MASTER!C2,PRODUCT_MASTER!C6),"") | K34: =IFERROR(D34*J34,"") | L34: =IFERROR(F34-K34,"") | M34: =IFERROR(L34/F34,"")
J35: =IFERROR(_xludf.XLOOKUP(B35,PRODUCT_MASTER!C2,PRODUCT_MASTER!C6),"") | K35: =IFERROR(D35*J35,"") | L35: =IFERROR(F35-K35,"") | M35: =IFERROR(L35/F35,"")
J36: =IFERROR(_xludf.XLOOKUP(B36,PRODUCT_MASTER!C2,PRODUCT_MASTER!C6),"") | K36: =IFERROR(D36*J36,"") | L36: =IFERROR(F36-K36,"") | M36: =IFERROR(L36/F36,"")
J37: =IFERROR(_xludf.XLOOKUP(B37,PRODUCT_MASTER!C2,PRODUCT_MASTER!C6),"") | K37: =IFERROR(D37*J37,"") | L37: =IFERROR(F37-K37,"") | M37: =IFERROR(L37/F37,"")
J38: =IFERROR(_xludf.XLOOKUP(B38,PRODUCT_MASTER!C2,PRODUCT_MASTER!C6),"") | K38: =IFERROR(D38*J38,"") | L38: =IFERROR(F38-K38,"") | M38: =IFERROR(L38/F38,"")
J39: =IFERROR(_xludf.XLOOKUP(B39,PRODUCT_MASTER!C2,PRODUCT_MASTER!C6),"") | K39: =IFERROR(D39*J39,"") | L39: =IFERROR(F39-K39,"") | M39: =IFERROR(L39/F39,"")
J40: =IFERROR(_xludf.XLOOKUP(B40,PRODUCT_MASTER!C2,PRODUCT_MASTER!C6),"") | K40: =IFERROR(D40*J40,"") | L40: =IFERROR(F40-K40,"") | M40: =IFERROR(L40/F40,"")
J41: =IFERROR(_xludf.XLOOKUP(B41,PRODUCT_MASTER!C2,PRODUCT_MASTER!C6),"") | K41: =IFERROR(D41*J41,"") | L41: =IFERROR(F41-K41,"") | M41: =IFERROR(L41/F41,"")
J42: =IFERROR(_xludf.XLOOKUP(B42,PRODUCT_MASTER!C2,PRODUCT_MASTER!C6),"") | K42: =IFERROR(D42*J42,"") | L42: =IFERROR(F42-K42,"") | M42: =IFERROR(L42/F42,"")
J43: =IFERROR(_xludf.XLOOKUP(B43,PRODUCT_MASTER!C2,PRODUCT_MASTER!C6),"") | K43: =IFERROR(D43*J43,"") | L43: =IFERROR(F43-K43,"") | M43: =IFERROR(L43/F43,"")
J44: =IFERROR(_xludf.XLOOKUP(B44,PRODUCT_MASTER!C2,PRODUCT_MASTER!C6),"") | K44: =IFERROR(D44*J44,"") | L44: =IFERROR(F44-K44,"") | M44: =IFERROR(L44/F44,"")
J45: =IFERROR(_xludf.XLOOKUP(B45,PRODUCT_MASTER!C2,PRODUCT_MASTER!C6),"") | K45: =IFERROR(D45*J45,"") | L45: =IFERROR(F45-K45,"") | M45: =IFERROR(L45/F45,"")
J46: =IFERROR(_xludf.XLOOKUP(B46,PRODUCT_MASTER!C2,PRODUCT_MASTER!C6),"") | K46: =IFERROR(D46*J46,"") | L46: =IFERROR(F46-K46,"") | M46: =IFERROR(L46/F46,"")
J47: =IFERROR(_xludf.XLOOKUP(B47,PRODUCT_MASTER!C2,PRODUCT_MASTER!C6),"") | K47: =IFERROR(D47*J47,"") | L47: =IFERROR(F47-K47,"") | M47: =IFERROR(L47/F47,"")
J48: =IFERROR(_xludf.XLOOKUP(B48,PRODUCT_MASTER!C2,PRODUCT_MASTER!C6),"") | K48: =IFERROR(D48*J48,"") | L48: =IFERROR(F48-K48,"") | M48: =IFERROR(L48/F48,"")
J49: =IFERROR(_xludf.XLOOKUP(B49,PRODUCT_MASTER!C2,PRODUCT_MASTER!C6),"") | K49: =IFERROR(D49*J49,"") | L49: =IFERROR(F49-K49,"") | M49: =IFERROR(L49/F49,"")
J50: =IFERROR(_xludf.XLOOKUP(B50,PRODUCT_MASTER!C2,PRODUCT_MASTER!C6),"") | K50: =IFERROR(D50*J50,"") | L50: =IFERROR(F50-K50,"") | M50: =IFERROR(L50/F50,"")
J51: =IFERROR(_xludf.XLOOKUP(B51,PRODUCT_MASTER!C2,PRODUCT_MASTER!C6),"") | K51: =IFERROR(D51*J51,"") | L51: =IFERROR(F51-K51,"") | M51: =IFERROR(L51/F51,"")
J52: =IFERROR(_xludf.XLOOKUP(B52,PRODUCT_MASTER!C2,PRODUCT_MASTER!C6),"") | K52: =IFERROR(D52*J52,"") | L52: =IFERROR(F52-K52,"") | M52: =IFERROR(L52/F52,"")
J53: =IFERROR(_xludf.XLOOKUP(B53,PRODUCT_MASTER!C2,PRODUCT_MASTER!C6),"") | K53: =IFERROR(D53*J53,"") | L53: =IFERROR(F53-K53,"") | M53: =IFERROR(L53/F53,"")
J54: =IFERROR(_xludf.XLOOKUP(B54,PRODUCT_MASTER!C2,PRODUCT_MASTER!C6),"") | K54: =IFERROR(D54*J54,"") | L54: =IFERROR(F54-K54,"") | M54: =IFERROR(L54/F54,"")
J55: =IFERROR(_xludf.XLOOKUP(B55,PRODUCT_MASTER!C2,PRODUCT_MASTER!C6),"") | K55: =IFERROR(D55*J55,"") | L55: =IFERROR(F55-K55,"") | M55: =IFERROR(L55/F55,"")
J56: =IFERROR(_xludf.XLOOKUP(B56,PRODUCT_MASTER!C2,PRODUCT_MASTER!C6),"") | K56: =IFERROR(D56*J56,"") | L56: =IFERROR(F56-K56,"") | M56: =IFERROR(L56/F56,"")
J57: =IFERROR(_xludf.XLOOKUP(B57,PRODUCT_MASTER!C2,PRODUCT_MASTER!C6),"") | K57: =IFERROR(D57*J57,"") | L57: =IFERROR(F57-K57,"") | M57: =IFERROR(L57/F57,"")
J58: =IFERROR(_xludf.XLOOKUP(B58,PRODUCT_MASTER!C2,PRODUCT_MASTER!C6),"") | K58: =IFERROR(D58*J58,"") | L58: =IFERROR(F58-K58,"") | M58: =IFERROR(L58/F58,"")
J59: =IFERROR(_xludf.XLOOKUP(B59,PRODUCT_MASTER!C2,PRODUCT_MASTER!C6),"") | K59: =IFERROR(D59*J59,"") | L59: =IFERROR(F59-K59,"") | M59: =IFERROR(L59/F59,"")
J60: =IFERROR(_xludf.XLOOKUP(B60,PRODUCT_MASTER!C2,PRODUCT_MASTER!C6),"") | K60: =IFERROR(D60*J60,"") | L60: =IFERROR(F60-K60,"") | M60: =IFERROR(L60/F60,"")
J61: =IFERROR(_xludf.XLOOKUP(B61,PRODUCT_MASTER!C2,PRODUCT_MASTER!C6),"") | K61: =IFERROR(D61*J61,"") | L61: =IFERROR(F61-K61,"") | M61: =IFERROR(L61/F61,"")
J62: =IFERROR(_xludf.XLOOKUP(B62,PRODUCT_MASTER!C2,PRODUCT_MASTER!C6),"") | K62: =IFERROR(D62*J62,"") | L62: =IFERROR(F62-K62,"") | M62: =IFERROR(L62/F62,"")
J63: =IFERROR(_xludf.XLOOKUP(B63,PRODUCT_MASTER!C2,PRODUCT_MASTER!C6),"") | K63: =IFERROR(D63*J63,"") | L63: =IFERROR(F63-K63,"") | M63: =IFERROR(L63/F63,"")
J64: =IFERROR(_xludf.XLOOKUP(B64,PRODUCT_MASTER!C2,PRODUCT_MASTER!C6),"") | K64: =IFERROR(D64*J64,"") | L64: =IFERROR(F64-K64,"") | M64: =IFERROR(L64/F64,"")
J65: =IFERROR(_xludf.XLOOKUP(B65,PRODUCT_MASTER!C2,PRODUCT_MASTER!C6),"") | K65: =IFERROR(D65*J65,"") | L65: =IFERROR(F65-K65,"") | M65: =IFERROR(L65/F65,"")
J66: =IFERROR(_xludf.XLOOKUP(B66,PRODUCT_MASTER!C2,PRODUCT_MASTER!C6),"") | K66: =IFERROR(D66*J66,"") | L66: =IFERROR(F66-K66,"") | M66: =IFERROR(L66/F66,"")
J67: =IFERROR(_xludf.XLOOKUP(B67,PRODUCT_MASTER!C2,PRODUCT_MASTER!C6),"") | K67: =IFERROR(D67*J67,"") | L67: =IFERROR(F67-K67,"") | M67: =IFERROR(L67/F67,"")
J68: =IFERROR(_xludf.XLOOKUP(B68,PRODUCT_MASTER!C2,PRODUCT_MASTER!C6),"") | K68: =IFERROR(D68*J68,"") | L68: =IFERROR(F68-K68,"") | M68: =IFERROR(L68/F68,"")
J69: =IFERROR(_xludf.XLOOKUP(B69,PRODUCT_MASTER!C2,PRODUCT_MASTER!C6),"") | K69: =IFERROR(D69*J69,"") | L69: =IFERROR(F69-K69,"") | M69: =IFERROR(L69/F69,"")
J70: =IFERROR(_xludf.XLOOKUP(B70,PRODUCT_MASTER!C2,PRODUCT_MASTER!C6),"") | K70: =IFERROR(D70*J70,"") | L70: =IFERROR(F70-K70,"") | M70: =IFERROR(L70/F70,"")
J71: =IFERROR(_xludf.XLOOKUP(B71,PRODUCT_MASTER!C2,PRODUCT_MASTER!C6),"") | K71: =IFERROR(D71*J71,"") | L71: =IFERROR(F71-K71,"") | M71: =IFERROR(L71/F71,"")
J72: =IFERROR(_xludf.XLOOKUP(B72,PRODUCT_MASTER!C2,PRODUCT_MASTER!C6),"") | K72: =IFERROR(D72*J72,"") | L72: =IFERROR(F72-K72,"") | M72: =IFERROR(L72/F72,"")
J73: =IFERROR(_xludf.XLOOKUP(B73,PRODUCT_MASTER!C2,PRODUCT_MASTER!C6),"") | K73: =IFERROR(D73*J73,"") | L73: =IFERROR(F73-K73,"") | M73: =IFERROR(L73/F73,"")
J74: =IFERROR(_xludf.XLOOKUP(B74,PRODUCT_MASTER!C2,PRODUCT_MASTER!C6),"") | K74: =IFERROR(D74*J74,"") | L74: =IFERROR(F74-K74,"") | M74: =IFERROR(L74/F74,"")
J75: =IFERROR(_xludf.XLOOKUP(B75,PRODUCT_MASTER!C2,PRODUCT_MASTER!C6),"") | K75: =IFERROR(D75*J75,"") | L75: =IFERROR(F75-K75,"") | M75: =IFERROR(L75/F75,"")
J76: =IFERROR(_xludf.XLOOKUP(B76,PRODUCT_MASTER!C2,PRODUCT_MASTER!C6),"") | K76: =IFERROR(D76*J76,"") | L76: =IFERROR(F76-K76,"") | M76: =IFERROR(L76/F76,"")
J77: =IFERROR(_xludf.XLOOKUP(B77,PRODUCT_MASTER!C2,PRODUCT_MASTER!C6),"") | K77: =IFERROR(D77*J77,"") | L77: =IFERROR(F77-K77,"") | M77: =IFERROR(L77/F77,"")
J78: =IFERROR(_xludf.XLOOKUP(B78,PRODUCT_MASTER!C2,PRODUCT_MASTER!C6),"") | K78: =IFERROR(D78*J78,"") | L78: =IFERROR(F78-K78,"") | M78: =IFERROR(L78/F78,"")
J79: =IFERROR(_xludf.XLOOKUP(B79,PRODUCT_MASTER!C2,PRODUCT_MASTER!C6),"") | K79: =IFERROR(D79*J79,"") | L79: =IFERROR(F79-K79,"") | M79: =IFERROR(L79/F79,"")
J80: =IFERROR(_xludf.XLOOKUP(B80,PRODUCT_MASTER!C2,PRODUCT_MASTER!C6),"") | K80: =IFERROR(D80*J80,"") | L80: =IFERROR(F80-K80,"") | M80: =IFERROR(L80/F80,"")
J81: =IFERROR(_xludf.XLOOKUP(B81,PRODUCT_MASTER!C2,PRODUCT_MASTER!C6),"") | K81: =IFERROR(D81*J81,"") | L81: =IFERROR(F81-K81,"") | M81: =IFERROR(L81/F81,"")
J82: =IFERROR(_xludf.XLOOKUP(B82,PRODUCT_MASTER!C2,PRODUCT_MASTER!C6),"") | K82: =IFERROR(D82*J82,"") | L82: =IFERROR(F82-K82,"") | M82: =IFERROR(L82/F82,"")
J83: =IFERROR(_xludf.XLOOKUP(B83,PRODUCT_MASTER!C2,PRODUCT_MASTER!C6),"") | K83: =IFERROR(D83*J83,"") | L83: =IFERROR(F83-K83,"") | M83: =IFERROR(L83/F83,"")
J84: =IFERROR(_xludf.XLOOKUP(B84,PRODUCT_MASTER!C2,PRODUCT_MASTER!C6),"") | K84: =IFERROR(D84*J84,"") | L84: =IFERROR(F84-K84,"") | M84: =IFERROR(L84/F84,"")
J85: =IFERROR(_xludf.XLOOKUP(B85,PRODUCT_MASTER!C2,PRODUCT_MASTER!C6),"") | K85: =IFERROR(D85*J85,"") | L85: =IFERROR(F85-K85,"") | M85: =IFERROR(L85/F85,"")
J86: =IFERROR(_xludf.XLOOKUP(B86,PRODUCT_MASTER!C2,PRODUCT_MASTER!C6),"") | K86: =IFERROR(D86*J86,"") | L86: =IFERROR(F86-K86,"") | M86: =IFERROR(L86/F86,"")
J87: =IFERROR(_xludf.XLOOKUP(B87,PRODUCT_MASTER!C2,PRODUCT_MASTER!C6),"") | K87: =IFERROR(D87*J87,"") | L87: =IFERROR(F87-K87,"") | M87: =IFERROR(L87/F87,"")
J88: =IFERROR(_xludf.XLOOKUP(B88,PRODUCT_MASTER!C2,PRODUCT_MASTER!C6),"") | K88: =IFERROR(D88*J88,"") | L88: =IFERROR(F88-K88,"") | M88: =IFERROR(L88/F88,"")
J89: =IFERROR(_xludf.XLOOKUP(B89,PRODUCT_MASTER!C2,PRODUCT_MASTER!C6),"") | K89: =IFERROR(D89*J89,"") | L89: =IFERROR(F89-K89,"") | M89: =IFERROR(L89/F89,"")
J90: =IFERROR(_xludf.XLOOKUP(B90,PRODUCT_MASTER!C2,PRODUCT_MASTER!C6),"") | K90: =IFERROR(D90*J90,"") | L90: =IFERROR(F90-K90,"") | M90: =IFERROR(L90/F90,"")
J91: =IFERROR(_xludf.XLOOKUP(B91,PRODUCT_MASTER!C2,PRODUCT_MASTER!C6),"") | K91: =IFERROR(D91*J91,"") | L91: =IFERROR(F91-K91,"") | M91: =IFERROR(L91/F91,"")
J92: =IFERROR(_xludf.XLOOKUP(B92,PRODUCT_MASTER!C2,PRODUCT_MASTER!C6),"") | K92: =IFERROR(D92*J92,"") | L92: =IFERROR(F92-K92,"") | M92: =IFERROR(L92/F92,"")
J93: =IFERROR(_xludf.XLOOKUP(B93,PRODUCT_MASTER!C2,PRODUCT_MASTER!C6),"") | K93: =IFERROR(D93*J93,"") | L93: =IFERROR(F93-K93,"") | M93: =IFERROR(L93/F93,"")
J94: =IFERROR(_xludf.XLOOKUP(B94,PRODUCT_MASTER!C2,PRODUCT_MASTER!C6),"") | K94: =IFERROR(D94*J94,"") | L94: =IFERROR(F94-K94,"") | M94: =IFERROR(L94/F94,"")
J95: =IFERROR(_xludf.XLOOKUP(B95,PRODUCT_MASTER!C2,PRODUCT_MASTER!C6),"") | K95: =IFERROR(D95*J95,"") | L95: =IFERROR(F95-K95,"") | M95: =IFERROR(L95/F95,"")
J96: =IFERROR(_xludf.XLOOKUP(B96,PRODUCT_MASTER!C2,PRODUCT_MASTER!C6),"") | K96: =IFERROR(D96*J96,"") | L96: =IFERROR(F96-K96,"") | M96: =IFERROR(L96/F96,"")
J97: =IFERROR(_xludf.XLOOKUP(B97,PRODUCT_MASTER!C2,PRODUCT_MASTER!C6),"") | K97: =IFERROR(D97*J97,"") | L97: =IFERROR(F97-K97,"") | M97: =IFERROR(L97/F97,"")
J98: =IFERROR(_xludf.XLOOKUP(B98,PRODUCT_MASTER!C2,PRODUCT_MASTER!C6),"") | K98: =IFERROR(D98*J98,"") | L98: =IFERROR(F98-K98,"") | M98: =IFERROR(L98/F98,"")
J99: =IFERROR(_xludf.XLOOKUP(B99,PRODUCT_MASTER!C2,PRODUCT_MASTER!C6),"") | K99: =IFERROR(D99*J99,"") | L99: =IFERROR(F99-K99,"") | M99: =IFERROR(L99/F99,"")
J100: =IFERROR(_xludf.XLOOKUP(B100,PRODUCT_MASTER!C2,PRODUCT_MASTER!C6),"") | K100: =IFERROR(D100*J100,"") | L100: =IFERROR(F100-K100,"") | M100: =IFERROR(L100/F100,"")
...
